episode,layout,mean_reward,total_reward,decay_factor,evaluation_reward_greedy_mean,evaluation_reward_greedy_std,moving_avg_train_reward,total_shaped_reward,total_sparse_reward,moving_avg_shaped_reward,moving_avg_sparse_reward
17300,cramped_room,0.45826388888888886,183.3055555555556,0.03888888888888886,0.0,0.0,183.3055555555556,85.0,180,85.0,180.0
17301,asymmetric_advantages,0.46485374999999995,185.94150000000002,0.038833333333333386,0.0,0.0,184.6235277777778,153.0,180,119.0,180.0
17302,asymmetric_advantages,0.4648325,185.93299999999994,0.0387777777777778,0.0,0.0,185.06001851851852,153.0,180,130.33333333333334,180.0
17303,asymmetric_advantages,0.46539208333333343,186.15683333333334,0.03872222222222221,0.0,0.0,185.33422222222222,159.0,180,137.5,180.0
17304,asymmetric_advantages,0.46537,186.1480000000001,0.03866666666666663,0.0,0.0,185.4969777777778,159.0,180,141.8,180.0
