episode,layout,mean_reward,total_reward,decay_factor,evaluation_reward_greedy_mean,evaluation_reward_greedy_std,moving_avg_train_reward,total_shaped_reward,total_sparse_reward,moving_avg_shaped_reward,moving_avg_sparse_reward
17300,forced_coordination,0.001166666666666666,0.46666666666666634,0.03888888888888886,0.0,0.0,0.46666666666666634,12.0,0,12.0,0.0
17301,cramped_room,0.4574754166666667,182.99016666666668,0.038833333333333386,0.0,0.0,91.72841666666667,77.0,180,44.5,90.0
17302,asymmetric_advantages,0.4651233333333334,186.04933333333327,0.0387777777777778,0.0,0.0,123.1687222222222,156.0,180,81.66666666666667,120.0
17303,asymmetric_advantages,0.46510166666666675,186.04066666666668,0.03872222222222221,0.0,0.0,138.88670833333333,156.0,180,100.25,135.0
17304,forced_coordination,0.051643333333333326,20.657333333333334,0.03866666666666663,0.0,0.0,115.24083333333333,17.0,20,83.6,112.0
17305,forced_coordination,0.05434375000000001,21.73750000000001,0.03861111111111115,0.0,0.0,99.65694444444443,45.0,20,77.16666666666667,96.66666666666667
17306,cramped_room,0.4558797222222223,182.3518888888889,0.038555555555555565,0.0,0.0,111.47050793650793,61.0,180,74.85714285714286,108.57142857142857
17307,cramped_room,0.45731499999999997,182.92599999999993,0.03849999999999998,0.0,0.0,120.40244444444443,76.0,180,75.0,117.5
17308,asymmetric_advantages,0.4652816666666666,186.11266666666666,0.03844444444444439,0.0,0.0,127.70358024691356,159.0,180,84.33333333333333,124.44444444444444
